Dataset,Algorithm,No attack,Back-translated,Paraphrased,Synonym repl.,Avg. Attacked
Reddit-TFU,SWEET,99.2/86.4/91.0,93.1/63.9/78.5,82.6/29.2/49.2,87.1/44.9/60.3,87.6/46.0/62.7
Reddit-TFU,SemStamp,94.6/54.8/77.0,86.2/21.0/51.4,75.2/13.2/27.1,77.0/14.8/26.5,79.5/16.3/35.0
Reddit-TFU,K-SemStamp,87.5/44.9/60.5,84.7/38.1/57.5,81.1/27.5/45.1,80.2/26.0/42.3,82.0/30.5/48.3
Reddit-TFU,SemMark(ours),99.4/96.3/98.4,98.2/84.8/91.5,90.4/38.0/56.6,94.8/64.4/78.0,94.5/62.4/75.4
RealNews,SWEET,99.2/87.3/91.8,93.7/67.4/82.0,76.9/14.0/34.9,89.2/46.0/65.2,86.6/42.5/60.7
RealNews,SemStamp,93.2/53.5/72.9,87.8/34.1/52.7,74.1/10.3/24.2,74.2/10.0/23.3,78.7/18.1/33.4
RealNews,K-SemStamp,86.6/46.2/64.7,82.0/36.8/54.3,79.7/18.0/43.5,82.1/20.2/45.2,81.3/25.0/47.7
RealNews,SemMark(ours),98.8/91.8/95.7,96.9/75.5/86.6,85.6/23.3/44.0,93.0/61.8/75.5,91.8/53.5/68.7
BookSum,SWEET,99.4/96.0/97.4,90.2/53.5/65.7,87.7/30.6/51.6,86.0/38.9/57.4,88.0/41.0/58.2
BookSum,SemStamp,93.2/48.0/67.0,89.1/35.6/54.4,82.8/23.3/46.1,81.1/23.0/46.4,84.3/27.3/48.9
BookSum,K-SemStamp,93.2/57.0/75.5,90.6/48.0/58.3,88.1/29.9/47.2,88.7/31.9/52.8,89.1/36.6/52.8
BookSum,SemMark(ours),98.9/96.1/98.3,93.7/62.3/78.1,86.1/27.8/45.0,90.4/46.6/67.3,90.1/45.6/63.5
